Workbook

Sheet Labels
A1: Label | B1: Type | C1: ContactName | D1: ContactEmail | E1: LastOrderDate | F1: LastOrderSize | G1: LastContact | H1: PopUpInterest
A2: Crate & Needle Records | B2: Indie label | C2: Rosa Martinez | D2: rosa@crateandneedle.example | E2: =IF(COUNTIF(Orders!$C$2:$C$112,A2)=0,"",_xlfn.MAXIFS(Orders!$B$2:$B$112,Orders!$C$2:$C$112,A2)) -> 46212 | F2: =IF(E2="","",SUMIFS(Orders!$E$2:$E$112,Orders!$C$2:$C$112,A2,Orders!$B$2:$B$112,E2)) -> 85 | G2: 46283 | H2: Yes
A3: Tape Hiss Records | B3: Indie label | C3: Jonah Pike | D3: jonah@tapehissrecords.example | E3: =IF(COUNTIF(Orders!$C$2:$C$112,A3)=0,"",_xlfn.MAXIFS(Orders!$B$2:$B$112,Orders!$C$2:$C$112,A3)) -> 46254 | F3: =IF(E3="","",SUMIFS(Orders!$E$2:$E$112,Orders!$C$2:$C$112,A3,Orders!$B$2:$B$112,E3)) -> 30 | G3: 46254 | H3: Unknown
A4: Low Hum Recordings | B4: Indie label | C4: Priya Natarajan | D4: priya@lowhumrecordings.example | E4: =IF(COUNTIF(Orders!$C$2:$C$112,A4)=0,"",_xlfn.MAXIFS(Orders!$B$2:$B$112,Orders!$C$2:$C$112,A4)) -> 46177 | F4: =IF(E4="","",SUMIFS(Orders!$E$2:$E$112,Orders!$C$2:$C$112,A4,Orders!$B$2:$B$112,E4)) -> 15 | G4: 46258 | H4: Yes
A5: Sunday Static | B5: Indie label | C5: Cal Whitaker | D5: cal@sundaystatic.example | E5: =IF(COUNTIF(Orders!$C$2:$C$112,A5)=0,"",_xlfn.MAXIFS(Orders!$B$2:$B$112,Orders!$C$2:$C$112,A5)) -> 45989 | F5: =IF(E5="","",SUMIFS(Orders!$E$2:$E$112,Orders!$C$2:$C$112,A5,Orders!$B$2:$B$112,E5)) -> 20 | G5: 46105 | H5: Maybe
A6: Paper Sleeve Music | B6: Indie label | C6: Nora Quinn | D6: nora@papersleevemusic.example | E6: =IF(COUNTIF(Orders!$C$2:$C$112,A6)=0,"",_xlfn.MAXIFS(Orders!$B$2:$B$112,Orders!$C$2:$C$112,A6)) -> 46138 | F6: =IF(E6="","",SUMIFS(Orders!$E$2:$E$112,Orders!$C$2:$C$112,A6,Orders!$B$2:$B$112,E6)) -> 30 | G6: 46262 | H6: Unknown
A7: Blue Hour Records | B7: Indie label | C7: Theo Grant | D7: theo@bluehourrecords.example | E7: =IF(COUNTIF(Orders!$C$2:$C$112,A7)=0,"",_xlfn.MAXIFS(Orders!$B$2:$B$112,Orders!$C$2:$C$112,A7)) -> 46270 | F7: =IF(E7="","",SUMIFS(Orders!$E$2:$E$112,Orders!$C$2:$C$112,A7,Orders!$B$2:$B$112,E7)) -> 12 | G7: 46138 | H7: Unknown
A8: Warped Wax Co. | B8: Reissue label | C8: Lena Hoffman | D8: lena@warpedwaxco.example | E8: =IF(COUNTIF(Orders!$C$2:$C$112,A8)=0,"",_xlfn.MAXIFS(Orders!$B$2:$B$112,Orders!$C$2:$C$112,A8)) -> 46147 | F8: =IF(E8="","",SUMIFS(Orders!$E$2:$E$112,Orders!$C$2:$C$112,A8,Orders!$B$2:$B$112,E8)) -> 15 | G8: 46165 | H8: No
A9: Golden Groove Reissues | B9: Reissue label | C9: Marcus Bell | D9: marcus@goldengroovereissu.example | E9: =IF(COUNTIF(Orders!$C$2:$C$112,A9)=0,"",_xlfn.MAXIFS(Orders!$B$2:$B$112,Orders!$C$2:$C$112,A9)) -> 46255 | F9: =IF(E9="","",SUMIFS(Orders!$E$2:$E$112,Orders!$C$2:$C$112,A9,Orders!$B$2:$B$112,E9)) -> 10 | G9: 46087 | H9: No
A10: Night Shift Records | B10: Indie label | C10: Sam Oyelaran | D10: sam@nightshiftrecords.example | E10: =IF(COUNTIF(Orders!$C$2:$C$112,A10)=0,"",_xlfn.MAXIFS(Orders!$B$2:$B$112,Orders!$C$2:$C$112,A10)) -> 46021 | F10: =IF(E10="","",SUMIFS(Orders!$E$2:$E$112,Orders!$C$2:$C$112,A10,Orders!$B$2:$B$112,E10)) -> 60 | G10: 46205 | H10: Maybe
A11: Dusty Grooves Collective | B11: Used vinyl wholesaler | C11: Ruth Abernathy | D11: ruth@dustygrooves.example | E11: =IF(COUNTIF(Orders!$C$2:$C$112,A11)=0,"",_xlfn.MAXIFS(Orders!$B$2:$B$112,Orders!$C$2:$C$112,A11)) -> 46189 | F11: =IF(E11="","",SUMIFS(Orders!$E$2:$E$112,Orders!$C$2:$C$112,A11,Orders!$B$2:$B$112,E11)) -> 30 | G11: 46127 | H11: Yes (swap)
A12: Second Spin Supply | B12: Used vinyl wholesaler | C12: Evan Cho | D12: evan@secondspinsupply.example | E12: =IF(COUNTIF(Orders!$C$2:$C$112,A12)=0,"",_xlfn.MAXIFS(Orders!$B$2:$B$112,Orders!$C$2:$C$112,A12)) -> 45962 | F12: =IF(E12="","",SUMIFS(Orders!$E$2:$E$112,Orders!$C$2:$C$112,A12,Orders!$B$2:$B$112,E12)) -> 15 | G12: 46242 | H12: Maybe
A13: Northbound Distribution | B13: Distributor | C13: Kira Lindqvist | D13: kira@northbounddistribu.example | E13: =IF(COUNTIF(Orders!$C$2:$C$112,A13)=0,"",_xlfn.MAXIFS(Orders!$B$2:$B$112,Orders!$C$2:$C$112,A13)) -> 46221 | F13: =IF(E13="","",SUMIFS(Orders!$E$2:$E$112,Orders!$C$2:$C$112,A13,Orders!$B$2:$B$112,E13)) -> 50 | G13: 46218 | H13: No
... A41: Local Loop Consignment | B41: Local consignment | C41: Rae Sutton | D41: rae@localloopconsignme.example | E41: =IF(COUNTIF(Orders!$C$2:$C$112,A41)=0,"",_xlfn.MAXIFS(Orders!$B$2:$B$112,Orders!$C$2:$C$112,A41)) -> 46257 | F41: =IF(E41="","",SUMIFS(Orders!$E$2:$E$112,Orders!$C$2:$C$112,A41,Orders!$B$2:$B$112,E41)) -> 15 | G41: 46240 | H41: Unknown
A43: LastOrderDate and LastOrderSize are formulas over the Orders sheet. PopUpInterest is updated by hand (or by Cowork).

Sheet Orders
A1: OrderNo | B1: Date | C1: Label | D1: Type | E1: Units | F1: Amount
A2: PO-1027 | B2: 45916 | C2: Northbound Distribution | D2: Distributor | E2: 40 | F2: 480
A3: PO-1065 | B3: 45919 | C3: Slow Burn Blues | D3: Blues label | E3: 30 | F3: 270
A4: PO-1011 | B4: 45932 | C4: Blue Hour Records | D4: Indie label | E4: 25 | F4: 187.5
A5: PO-1042 | B5: 45932 | C5: Hollow Body Records | D5: Indie label | E5: 30 | F5: 247.5
A6: PO-1083 | B6: 45936 | C6: Electric Attic | D6: Electronic label | E6: 20 | F6: 180
A7: PO-1084 | B7: 45939 | C7: Electric Attic | D7: Electronic label | E7: 30 | F7: 360
A8: PO-1046 | B8: 45940 | C8: Brass Tacks Jazz | D8: Jazz label | E8: 24 | F8: 198
A9: PO-1043 | B9: 45941 | C9: Hollow Body Records | D9: Indie label | E9: 24 | F9: 198
A10: PO-1099 | B10: 45942 | C10: Salt Flat Records | D10: Indie label | E10: 15 | F10: 180
A11: PO-1028 | B11: 45950 | C11: Northbound Distribution | D11: Distributor | E11: 50 | F11: 450
A12: PO-1019 | B12: 45951 | C12: Night Shift Records | D12: Indie label | E12: 12 | F12: 144
A13: PO-1104 | B13: 45954 | C13: Candlelight Classics | D13: Classical label | E13: 50 | F13: 600
... A112: PO-1078 | B112: 46273 | C112: Analog Heart | D112: Indie label | E112: 60 | F112: 450
